0.000000000000000000e+00,3.095659281419905096e+00,2.151159098462421260e-01
1.000000000000000056e-01,2.927609767199506940e+00,1.626620852719771748e-01
2.000000000000000111e-01,2.916460028053375897e+00,-1.087198245159200494e-01
3.000000000000000444e-01,2.952622549385235384e+00,1.315210743396543792e-02
4.000000000000000222e-01,2.805184570610324890e+00,3.223232647782443144e-02
5.000000000000000000e-01,2.916538117670639974e+00,-1.834149982855932115e-01
6.000000000000000888e-01,2.774000358038349656e+00,-4.205998585312701460e-02
7.000000000000000666e-01,2.794718706225105098e+00,-2.826472568655891832e-02
8.000000000000000444e-01,2.921829963433059785e+00,2.769680367715737224e-01
9.000000000000000222e-01,2.758900076402314383e+00,1.291783733811218138e-01
1.000000000000000000e+00,2.902147421021468165e+00,-9.497172120310404253e-02
1.100000000000000089e+00,3.077006278962849173e+00,3.164001410144161031e-01
1.200000000000000178e+00,3.022169452092455799e+00,-2.291298435287416335e-01
1.300000000000000044e+00,2.929860891805727618e+00,-1.445575584971608984e-01
1.400000000000000133e+00,2.689278205791507226e+00,-3.572912512277359731e-02
1.500000000000000000e+00,2.849745395196949360e+00,2.606002226545302003e-01
1.600000000000000089e+00,2.926632958336534251e+00,-1.549102194318329462e-01
1.700000000000000178e+00,3.200138619729055556e+00,-1.176830277269064716e-02
1.800000000000000044e+00,2.815705426858225113e+00,-2.888239363690603967e-01
1.900000000000000133e+00,2.964810285425834913e+00,4.324436089073258743e-02
2.000000000000000000e+00,3.133444663661489660e+00,1.642254329208139296e-01
2.100000000000000089e+00,3.054284140705627593e+00,-4.307709485705612379e-02
2.200000000000000178e+00,3.134053296676234002e+00,1.734878137384967545e-01
2.300000000000000266e+00,2.896676914865530694e+00,-2.437570225583164663e-02
2.400000000000000355e+00,2.901881522433551908e+00,-8.838070319688265397e-02
2.500000000000000000e+00,3.055816275791040315e+00,-3.454885707851399618e-02
2.600000000000000089e+00,2.923498219353612093e+00,5.873850071205810597e-02
2.700000000000000178e+00,3.165250886948578035e+00,2.047512264901182599e-01
2.800000000000000266e+00,2.926869374530779222e+00,-2.697371457659090699e-01
2.900000000000000355e+00,3.057928866695634795e+00,4.502704966970436096e-02
3.000000000000000000e+00,2.999990774226473977e+00,2.617855105990826714e-01
3.100000000000000089e+00,2.991124240953688229e+00,2.506794098217949782e-02
3.200000000000000178e+00,3.063289537859858136e+00,-2.351896439341913669e-01
3.300000000000000266e+00,2.959330367358923297e+00,-1.332583170891820934e-01
3.400000000000000355e+00,2.823261287122023955e+00,-4.170275063317669534e-02
3.500000000000000000e+00,2.994919135428408374e+00,1.790495250996774479e-01
3.600000000000000089e+00,2.975501119013078899e+00,8.086533513277535667e-02
3.700000000000000178e+00,3.342091212213476936e+00,1.485642404617502910e-01
3.800000000000000266e+00,3.106460252662621713e+00,-9.715999169072536690e-02
3.900000000000000355e+00,2.952094198124037394e+00,-4.336011391578997731e-02
4.000000000000000000e+00,2.838162619783452634e+00,6.599008454440562221e-02
4.100000000000000533e+00,3.116189788547338413e+00,-6.278795801351251538e-02
4.200000000000000178e+00,3.023458361691513829e+00,-1.124664019888493849e-01
4.299999999999999822e+00,3.210780326755355407e+00,2.479713908687880553e-01
4.400000000000000355e+00,2.752648911486918593e+00,9.819435443244926495e-03
4.500000000000000000e+00,2.872052773488734445e+00,1.531333425216916677e-01
4.600000000000000533e+00,2.829074967460865064e+00,-2.843929547212020736e-02
4.700000000000000178e+00,3.003992442287342968e+00,-2.120099511852537588e-01
4.800000000000000711e+00,3.217567986484559217e+00,-7.862215743386366529e-02
4.900000000000000355e+00,2.934071895577783806e+00,6.570501197521155801e-02
5.000000000000000000e+00,2.776374641905693608e+00,2.258608377010379864e-01
5.100000000000000533e+00,3.158393836400409604e+00,-7.888982756541239316e-02
5.200000000000000178e+00,3.156291731687654867e+00,-9.518936598798233284e-02
5.300000000000000711e+00,3.080608090439499680e+00,-1.973809231911068107e-02
5.400000000000000355e+00,3.382317579473105518e+00,-2.237410590436310076e-01
5.500000000000000000e+00,2.942299078805973522e+00,-1.616548029580645307e-01
5.600000000000000533e+00,2.986724931092286095e+00,1.672051985315060052e-01
5.700000000000000178e+00,2.915892013259440585e+00,1.599191890498255497e-01
5.800000000000000711e+00,2.609618550154353844e+00,2.187376873784279974e-01
5.900000000000000355e+00,3.159939268444006188e+00,1.961461662641310888e-01
6.000000000000000000e+00,2.968961775905472500e+00,-2.142419820330361269e-01
6.100000000000000533e+00,2.942483172630406152e+00,-7.508728841496244144e-02
6.200000000000000178e+00,2.982388530002124227e+00,-2.602066362518863918e-01
6.300000000000000711e+00,3.241614478587379722e+00,2.393201163800122433e-01
6.400000000000000355e+00,3.045411734677778259e+00,2.864501816436225076e-02
6.500000000000000000e+00,3.121701240276301359e+00,2.705635458445097008e-01
6.600000000000000533e+00,2.772066392998286943e+00,-1.358863542781005573e-01
6.700000000000000178e+00,3.192909341564480918e+00,-2.295406787240554525e-02
6.800000000000000711e+00,3.009453280827651511e+00,4.010455088566167864e-03
6.900000000000000355e+00,2.834058460365146193e+00,-8.276382103976276383e-02
7.000000000000000000e+00,3.290097493515531379e+00,-1.061299485401885623e-01
7.100000000000000533e+00,2.948508224453088467e+00,1.224950219811738079e-02
7.200000000000000178e+00,3.080140918849877174e+00,9.950983365347625120e-02
7.300000000000000711e+00,2.850707117020480741e+00,3.974148159673358133e-02
7.400000000000000355e+00,3.216182482561265932e+00,-2.290070918915938503e-01
7.500000000000000000e+00,3.131634727665139728e+00,-9.786662418466951507e-02
7.600000000000000533e+00,2.860513402540028061e+00,-2.297171538501812937e-01
7.700000000000000178e+00,3.093633111658373736e+00,3.805403560162055054e-01
7.800000000000000711e+00,2.795382999310830563e+00,7.682756537455309731e-02
7.900000000000000355e+00,3.014634726538035547e+00,-1.148933914707157417e-01
8.000000000000000000e+00,3.117814954120277982e+00,-4.688953435820106957e-02
8.099999999999999645e+00,3.043036282421570426e+00,5.920999881335857473e-02
8.200000000000001066e+00,2.869131879511487959e+00,3.446174185954122282e-01
8.300000000000000711e+00,3.055164130412595380e+00,8.610640697627122697e-02
8.400000000000000355e+00,2.963320683483603446e+00,-7.688671306924520221e-02
8.500000000000000000e+00,2.966717038366208925e+00,-4.530364159098969334e-02
8.599999999999999645e+00,3.244205615431382306e+00,2.281573915857278145e-01
8.700000000000001066e+00,2.959440026196880513e+00,-1.389008351280808795e-01
8.800000000000000711e+00,3.029407428203822139e+00,-1.772305965836233899e-01
8.900000000000000355e+00,2.901674031957453437e+00,1.567152774004272331e-01
9.000000000000000000e+00,3.317114920510666032e+00,-3.718879988508075329e-02
9.099999999999999645e+00,2.966676026443703318e+00,7.074299213640619644e-02
9.200000000000001066e+00,3.025162665743550860e+00,6.847451493876349771e-02
9.300000000000000711e+00,3.164504354464267699e+00,-1.237806689091083406e-01
9.400000000000000355e+00,2.966554936693973410e+00,8.685723049233773363e-02
9.500000000000000000e+00,3.188618473404202458e+00,-3.660878965010373048e-02
9.600000000000001421e+00,2.829602071292925736e+00,-1.339528324252501346e-01
9.700000000000001066e+00,3.122500320882734215e+00,-5.377975921418502725e-02
9.800000000000000711e+00,3.030394082742396744e+00,4.301876129459711318e-02
9.900000000000000355e+00,2.953776884581581719e+00,2.148491349697186636e-01
1.000000000000000000e+01,3.185434104981532677e+00,-5.402007210733816150e-02
1.010000000000000142e+01,2.927774748886379008e+00,1.079803507006387858e-01
1.020000000000000107e+01,3.014368326798972486e+00,2.582466960654624111e-01
1.030000000000000071e+01,3.228555851520204190e+00,-1.992215163495248548e-02
1.040000000000000036e+01,2.981779379306690458e+00,-2.358506457801986811e-01
1.050000000000000000e+01,2.910762796612278436e+00,-2.970975444119062225e-01
1.060000000000000142e+01,2.949477815116689161e+00,4.884898719697009645e-02
1.070000000000000107e+01,2.821219674601228355e+00,-6.867605521607647590e-02
1.080000000000000071e+01,3.044236712191032534e+00,-1.615135327292492595e-01
1.090000000000000036e+01,2.936533316125510051e+00,3.826282377090255427e-01
1.100000000000000000e+01,2.967893905924719800e+00,4.119151370694610140e-03
1.110000000000000142e+01,3.261416914677682577e+00,3.079290084536288191e-02
1.120000000000000107e+01,2.888740431182225343e+00,1.062982961577290802e-01
1.130000000000000071e+01,2.870368032527928381e+00,7.458853058124308155e-02
1.140000000000000036e+01,3.050459264725926545e+00,-1.705673005026602518e-01
1.150000000000000000e+01,2.884539580062083441e+00,-1.876599451472916458e-01
1.160000000000000142e+01,2.776886033550697963e+00,-6.313829712928546029e-03
1.170000000000000107e+01,3.101597586797104622e+00,-4.733765562372972691e-02
1.180000000000000071e+01,2.917486024885264762e+00,5.100284877308640386e-02
1.190000000000000036e+01,3.103678213005451880e+00,-1.700588780001679179e-01
1.200000000000000000e+01,3.108850700723210458e+00,-1.566035886272431621e-01
1.210000000000000142e+01,2.954318884213943175e+00,1.454090643573847097e-01
1.220000000000000107e+01,2.764883334735475984e+00,8.504081874588016732e-02
1.230000000000000071e+01,2.872444138894391763e+00,-2.214606397264549664e-01
1.240000000000000036e+01,3.002345028342557676e+00,-3.025381438883579799e-01
1.250000000000000000e+01,3.158845076442982513e+00,6.564585304205071414e-02
1.260000000000000142e+01,2.972782076831681053e+00,-1.601041243302739892e-01
1.270000000000000107e+01,2.991817199409854133e+00,-2.867166840635959058e-01
1.280000000000000071e+01,3.026494643805564433e+00,7.663938702404027303e-02
1.290000000000000036e+01,2.983336993350714117e+00,-1.860268599783800603e-01
1.300000000000000000e+01,2.840387238946187054e+00,4.050473155508055507e-04
1.310000000000000142e+01,2.693842326371905127e+00,3.883606302430159946e-02
1.320000000000000107e+01,3.049409452891583161e+00,-2.807475325134712874e-01
1.330000000000000071e+01,3.079394511905491072e+00,-1.268885556491857192e-01
1.340000000000000036e+01,3.084735035462486064e+00,2.551196541964500034e-02
1.350000000000000000e+01,2.930111289879409497e+00,3.894574668623468350e-02
1.360000000000000142e+01,2.880537664219794181e+00,1.005294836268201958e-01
1.370000000000000107e+01,2.967546108825823925e+00,-3.744887653916995074e-02
1.380000000000000071e+01,3.036459349713708455e+00,-4.029687763583688492e-02
1.390000000000000036e+01,2.744320523389830235e+00,1.329168403326011216e-01
1.400000000000000000e+01,3.104064682983745271e+00,6.753593851753172950e-02
1.410000000000000142e+01,3.134772100552128293e+00,8.551585002835528082e-02
1.420000000000000107e+01,3.110812865664507321e+00,-1.584076330601121366e-03
1.430000000000000071e+01,2.867441819582694063e+00,4.993865363643369693e-02
1.440000000000000036e+01,2.965762718804287879e+00,3.528692437903400980e-02
1.450000000000000000e+01,3.003190902815022767e+00,-1.073076172796583044e-01
1.460000000000000142e+01,3.027815920694152396e+00,-8.452970967682917058e-02
1.470000000000000107e+01,3.191691419797497709e+00,-1.883018060505652347e-01
1.480000000000000071e+01,2.811545544585181577e+00,-4.479506335466077599e-02
1.490000000000000036e+01,3.000680636072428076e+00,-1.427989954876727752e-01
1.500000000000000000e+01,3.126528180365296006e+00,8.149294457108234579e-02
1.510000000000000142e+01,3.090335836402319902e+00,8.528274239574981652e-02
1.520000000000000107e+01,2.760451742084375493e+00,1.526906763267906907e-04
1.530000000000000071e+01,2.851133992858565502e+00,5.187904952197076869e-02
1.540000000000000036e+01,3.012100970161681879e+00,2.165804798047613888e-01
1.550000000000000000e+01,3.055896792655855343e+00,-2.245914101204841418e-01
1.560000000000000142e+01,3.088095622965951748e+00,6.962521998640852638e-02
1.570000000000000107e+01,3.016758054695488411e+00,-2.012522966902646759e-02
1.580000000000000071e+01,2.872586077057262433e+00,-1.034337169523148053e-01
1.590000000000000036e+01,2.936438216221708419e+00,9.675883759887628222e-02
1.600000000000000000e+01,2.989492575997088952e+00,-3.874776558976807811e-02
1.610000000000000142e+01,2.872207987205917412e+00,2.278276907026365872e-01
1.619999999999999929e+01,3.121236291909134319e+00,8.649190715749724423e-02
1.630000000000000071e+01,3.063364795265683505e+00,3.120563410489134992e-01
1.640000000000000213e+01,3.242919411648517158e+00,1.200919398711176034e-01
1.650000000000000000e+01,2.876476316639284381e+00,1.509340313365616359e-01
1.660000000000000142e+01,2.904483972182314133e+00,-7.861473509267315196e-02
1.669999999999999929e+01,2.971896169454666392e+00,-7.657576630275868268e-02
1.680000000000000071e+01,2.658708805487453475e+00,1.080518608805994263e-01
1.690000000000000213e+01,3.036376143990055620e+00,-9.193879852574502604e-03
1.700000000000000000e+01,3.232333374402502457e+00,9.918398693571018471e-03
1.710000000000000142e+01,2.882548141268646891e+00,3.781233118804241400e-01
1.719999999999999929e+01,2.942611354197034679e+00,-3.085907274770370856e-01
1.730000000000000071e+01,3.100272121785932811e+00,-6.520234980825620474e-02
1.740000000000000213e+01,2.934675151410406801e+00,3.098601458929522642e-02
1.750000000000000000e+01,2.804848495309653522e+00,-4.105213427594590903e-02
1.760000000000000142e+01,3.133208254349839628e+00,2.416504695417993898e-01
1.769999999999999929e+01,2.913248758715620390e+00,-1.044117206436475168e-02
1.780000000000000071e+01,2.763760120857288616e+00,6.212197645375854005e-02
1.790000000000000213e+01,2.894231040947774058e+00,-1.237126115275193339e-01
1.800000000000000000e+01,3.064145299692778046e+00,-6.996508044109274460e-02
1.810000000000000142e+01,2.990553418997183854e+00,2.461043563560517955e-02
1.819999999999999929e+01,3.040469961846506308e+00,-6.632182106147234413e-02
1.830000000000000071e+01,2.968744798172033406e+00,-2.332286495970010143e-01
1.840000000000000213e+01,3.084427724441257457e+00,-9.786101699548233057e-02
1.850000000000000000e+01,2.896354529368250219e+00,-5.038792755126228484e-02
1.860000000000000142e+01,2.955848852613222277e+00,1.176093554478472719e-01
1.869999999999999929e+01,3.072664048811335480e+00,1.465925169274269191e-01
1.880000000000000071e+01,3.263961873387764001e+00,4.103678346354182049e-01
1.890000000000000213e+01,3.022545002195893282e+00,2.193669580732799176e-02
1.900000000000000000e+01,2.954480111110317164e+00,-1.556354121581366096e-03
1.910000000000000142e+01,2.810017894561191554e+00,7.063343763531812480e-02
1.920000000000000284e+01,3.105319331145730555e+00,4.773594052062387488e-02
1.930000000000000071e+01,2.984068868828590571e+00,-4.267337028209002708e-02
1.940000000000000213e+01,2.853822885726481129e+00,-1.105273193535521170e-01
1.950000000000000000e+01,3.010484961695169659e+00,7.266959774089824797e-02
1.960000000000000142e+01,2.852287912674056791e+00,9.187021896034799906e-02
1.970000000000000284e+01,3.256451171435942094e+00,1.065017754362795471e-01
1.980000000000000071e+01,3.086055419447863990e+00,7.566832659925452724e-03
1.990000000000000213e+01,2.928949801553410115e+00,-9.077101459689887464e-02
2.000000000000000000e+01,3.053036089815245990e+00,8.415448004472381519e-03
2.010000000000000142e+01,2.808100876717509742e+00,-7.757960885543478680e-02
2.020000000000000284e+01,3.008317527411112469e+00,3.232558507955959892e-02
2.030000000000000071e+01,3.232781100670135910e+00,-1.557497297471019115e-01
2.040000000000000213e+01,3.060940727957398799e+00,1.263062324774500145e-01
2.050000000000000000e+01,3.126679386265247551e+00,9.223359517179945122e-03
2.060000000000000142e+01,2.877294997854727754e+00,-1.781029290714526703e-01
2.070000000000000284e+01,2.745056619244402363e+00,-1.097255335978894117e-02
2.080000000000000071e+01,2.855470118304219262e+00,2.240438781549269343e-01
2.090000000000000213e+01,2.993299063499493151e+00,9.964303443732580590e-02
2.100000000000000000e+01,2.581336192625749426e+00,2.378988047027659827e-02
2.110000000000000142e+01,3.106802481432064944e+00,-2.121549462485459725e-01
2.120000000000000284e+01,2.953550332502139497e+00,1.941179063370231106e-01
2.130000000000000071e+01,2.941088371759513986e+00,-8.129657420449381026e-04
2.140000000000000213e+01,2.675696739560482929e+00,3.296947011510746317e-01
2.150000000000000000e+01,2.649697531759505509e+00,2.216516532696225211e-03
2.160000000000000142e+01,2.652894317875707841e+00,2.707025643370759016e-01
2.170000000000000284e+01,3.001369723402258050e+00,1.073650541460054314e-01
2.180000000000000071e+01,3.066181652781414080e+00,1.154035892439603250e-01
2.190000000000000213e+01,2.966274854493705870e+00,-6.976520552040210363e-04
2.200000000000000000e+01,3.229876862822172789e+00,1.478737673485198967e-01
2.210000000000000142e+01,3.120809748786296467e+00,-1.675454490916910844e-01
2.220000000000000284e+01,2.955348046992137157e+00,-2.632321054000360538e-01
2.230000000000000071e+01,3.031781968853898057e+00,-2.254798010467650993e-01
2.240000000000000213e+01,3.036230459612357269e+00,-9.877860051413682452e-02
2.250000000000000000e+01,3.127574063454878761e+00,-9.566393835481071251e-02
2.260000000000000142e+01,3.261163116264825579e+00,-1.443772315527326322e-01
2.270000000000000284e+01,2.765262843759587863e+00,-1.312185612799125489e-01
2.280000000000000071e+01,2.833607144520089882e+00,9.022380933723435359e-02
2.290000000000000213e+01,3.264288933319376085e+00,-2.335740626002480169e-01
2.300000000000000000e+01,2.962313506066606816e+00,-1.673918756127787955e-01
2.310000000000000142e+01,3.196444942685787272e+00,3.248532718864877156e-02
2.320000000000000284e+01,3.045579824671250435e+00,-1.899050679330441527e-01
2.330000000000000071e+01,3.175820600684617023e+00,2.554826804376555405e-01
2.340000000000000213e+01,3.454591500212538691e+00,-1.860516907385951352e-02
2.350000000000000000e+01,2.781295029157131449e+00,-7.253790273523147425e-02
2.360000000000000142e+01,2.846305036603085536e+00,5.339383170568030162e-02
2.370000000000000284e+01,2.851151238369300955e+00,-9.064766295207649094e-02
2.380000000000000071e+01,3.068835636162092761e+00,-4.021435347497916146e-02
2.390000000000000213e+01,2.914751062092244993e+00,6.445169443099887929e-02
2.400000000000000000e+01,2.828608365184170026e+00,-2.212644343348900422e-01
2.410000000000000142e+01,3.200395982800305905e+00,-5.573892444226302006e-02
2.420000000000000284e+01,2.775867882380275375e+00,1.140359865040291854e-01
2.430000000000000071e+01,3.060648357966508470e+00,2.569172874962086239e-01
2.440000000000000213e+01,2.915706162503485022e+00,-1.548727627640952842e-01
2.450000000000000000e+01,2.842642234968127291e+00,1.062762455606872103e-01
2.460000000000000142e+01,2.929214441453448448e+00,-5.153866823360304245e-02
2.470000000000000284e+01,3.046932415098798863e+00,-2.011273004462041658e-01
2.480000000000000071e+01,2.914129913281431783e+00,2.821751786579962396e-01
2.490000000000000213e+01,3.074987785966055043e+00,-9.682803259652063288e-02
2.500000000000000000e+01,3.253919516662454825e+00,5.945556117944454655e-02
2.510000000000000142e+01,2.931667436648658143e+00,-1.084359315568536181e-01
2.520000000000000284e+01,3.086207615243830471e+00,-6.615791794539710273e-03
2.530000000000000071e+01,3.084173725615101169e+00,-7.709228040657160885e-02
2.540000000000000213e+01,2.932447071432775498e+00,-1.416131646976016012e-01
2.550000000000000000e+01,3.169221102523162248e+00,1.533341320004935060e-01
2.560000000000000142e+01,2.863227852241738702e+00,1.378223301871656092e-01
2.570000000000000284e+01,3.116343219826219535e+00,-2.432932519186924505e-02
2.580000000000000071e+01,2.836012791679817902e+00,1.420161506834841103e-01
2.590000000000000213e+01,2.760595260306426990e+00,4.937034788722238082e-02
2.600000000000000000e+01,2.849120563868421385e+00,-2.264568062070580756e-01
2.610000000000000142e+01,3.092342664323357582e+00,3.426475659253786638e-02
2.620000000000000284e+01,2.714094826896347179e+00,3.857025237358705644e-02
2.630000000000000071e+01,2.847604078415240547e+00,2.273357697157067647e-02
2.640000000000000213e+01,3.165685334930967265e+00,-3.819707638133816308e-01
2.650000000000000000e+01,3.070118342650162813e+00,-8.755147903092058703e-02
2.660000000000000142e+01,3.512498537140169130e+00,2.165444405228337532e-01
2.670000000000000284e+01,3.201467139649103899e+00,-5.557164980137078991e-02
2.680000000000000071e+01,2.813107434814762886e+00,3.829255124943872074e-02
2.690000000000000213e+01,2.820092478969195238e+00,4.397429316051797155e-02
2.700000000000000000e+01,2.954108090399656383e+00,-2.287577317012642539e-02
2.710000000000000142e+01,3.200191757630262757e+00,-9.952428980425080673e-02
2.720000000000000284e+01,2.955137975081308710e+00,1.892498770135766506e-01
2.730000000000000071e+01,2.848345923875951868e+00,-6.971458750550485473e-02
2.740000000000000213e+01,2.953362662675499628e+00,8.780320517653122936e-02
2.750000000000000000e+01,3.086314304495639593e+00,-1.854078862525600502e-01
2.760000000000000142e+01,3.079919430483127218e+00,3.234525963421078232e-02
2.770000000000000284e+01,3.020678073711456246e+00,-1.508703758458356491e-02
2.780000000000000071e+01,3.248995606748363851e+00,-1.558310529753425058e-02
2.790000000000000213e+01,2.997108756682345110e+00,-1.175174179902628013e-01
2.800000000000000000e+01,2.990788927995770674e+00,7.001412150377818444e-02
2.810000000000000142e+01,2.792280641960168008e+00,-1.522252605275378192e-03
2.820000000000000284e+01,2.921919234776745533e+00,1.340330028944229090e-01
2.830000000000000071e+01,3.063225980726599573e+00,-1.913801839695871421e-01
2.840000000000000213e+01,2.793023852920554884e+00,5.109024029444204223e-02
2.850000000000000000e+01,2.860925887051740002e+00,1.593530601120868306e-01
2.860000000000000142e+01,2.919778542549774869e+00,1.419448878124652536e-01
2.870000000000000284e+01,2.765653817190768748e+00,-5.396719475516208869e-02
2.880000000000000071e+01,2.765645352659814815e+00,8.257160677525687831e-02
2.890000000000000213e+01,3.256616441879469637e+00,-1.438953166213897406e-01
2.900000000000000000e+01,2.904581198305206335e+00,1.509917682853328946e-01
2.910000000000000142e+01,2.894284651563415078e+00,1.424994576232771204e-01
2.920000000000000284e+01,3.008645387470594290e+00,1.650509095941263271e-01
2.930000000000000071e+01,2.888515467826370031e+00,-1.856388598851408944e-01
2.940000000000000213e+01,3.153594282536714033e+00,-1.425532881190804679e-01
2.950000000000000000e+01,2.974547314735042303e+00,-1.765897371512397396e-01
2.960000000000000142e+01,3.081455682846178767e+00,2.663248285562109241e-01
2.970000000000000284e+01,3.247558057878038085e+00,-5.848246948248529004e-02
2.980000000000000071e+01,3.008227183510399083e+00,-4.251402657207836028e-02
2.990000000000000213e+01,2.872096765467737622e+00,2.943222122067317217e-02
3.000000000000000000e+01,3.009076452088745413e+00,1.275823668668210065e-01
3.010000000000000142e+01,3.047507237434319283e+00,-7.677624607267688472e-02
3.020000000000000284e+01,2.824837599059508708e+00,2.766044262003771164e-03
3.030000000000000071e+01,2.804116072973194651e+00,3.773671553132020851e-01
3.040000000000000213e+01,2.986778452407747864e+00,4.013409861306668769e-02
3.050000000000000000e+01,3.024307375745244997e+00,2.465427773859533156e-01
3.060000000000000142e+01,3.290282938132185642e+00,-2.999885767474169684e-02
3.070000000000000284e+01,3.015711447961280545e+00,-1.565636073827769981e-01
3.080000000000000071e+01,3.011624252460902706e+00,1.585062016016475575e-02
3.090000000000000213e+01,3.229164883986822332e+00,9.526647140670950475e-02
3.100000000000000000e+01,3.146003089992134072e+00,5.035656136238526176e-02
3.110000000000000142e+01,2.906907628460691395e+00,1.816209444784420285e-02
3.120000000000000284e+01,2.897119842931716871e+00,-1.678044367370261913e-01
3.130000000000000071e+01,3.009393029121837593e+00,4.688071340117259261e-02
3.140000000000000213e+01,3.080671951939253361e+00,-1.467587057003650330e-01
3.150000000000000000e+01,2.875513102711843239e+00,3.143995712043268220e-01
3.160000000000000142e+01,2.822782047321339416e+00,7.461871367779980557e-02
3.170000000000000284e+01,3.192971161821866577e+00,1.312554537811017573e-02
3.180000000000000071e+01,2.896533699318747601e+00,1.928204083154229642e-01
3.190000000000000213e+01,3.171422703619235506e+00,6.400520592137863563e-02
3.200000000000000000e+01,3.155470915759097217e+00,-1.616950080380911703e-01
3.210000000000000142e+01,3.141364867238943592e+00,5.312935999229473870e-03
3.220000000000000284e+01,2.913980438191811739e+00,-2.764807590035359142e-01
3.230000000000000426e+01,2.911284953729980973e+00,-9.737360651781405349e-03
3.239999999999999858e+01,3.027244902508119395e+00,-2.459925639311455192e-01
3.250000000000000000e+01,2.988930206665156852e+00,3.678146650048275818e-02
3.260000000000000142e+01,3.174355469222388759e+00,-3.417308069063728637e-01
3.270000000000000284e+01,3.169153910429723719e+00,4.545199566473116792e-02
3.280000000000000426e+01,3.008426326370225112e+00,-3.125890215237107916e-02
3.289999999999999858e+01,3.093034513445583222e+00,5.311998731612784658e-02
3.300000000000000000e+01,3.238566629091354621e+00,4.337270703779576991e-02
3.310000000000000142e+01,3.022982469226000557e+00,-1.217347508591451466e-01
3.320000000000000284e+01,3.126299740185410236e+00,1.323416968806023220e-01
3.330000000000000426e+01,2.963436977346576739e+00,-1.660485755189011758e-01
3.339999999999999858e+01,3.228879697837595319e+00,-9.927857128992916003e-02
3.350000000000000000e+01,3.103690358033222019e+00,1.689268045881128222e-01
3.360000000000000142e+01,3.050501899474693523e+00,-2.473224161967625331e-02
3.370000000000000284e+01,2.888981957716957982e+00,1.337491483598700348e-01
3.380000000000000426e+01,2.824741790377514050e+00,-3.142792736702012396e-02
3.389999999999999858e+01,3.193869474835792754e+00,-8.355647398816319626e-02
3.400000000000000000e+01,2.746391855323311759e+00,-4.016486618584814983e-02
3.410000000000000142e+01,2.880559884716089147e+00,1.878628675900407413e-02
3.420000000000000284e+01,2.866610741416026009e+00,2.615518719758745392e-01
3.430000000000000426e+01,2.714100965810963828e+00,-8.904456544481353930e-02
3.439999999999999858e+01,3.169438000145659462e+00,-1.614116375345842902e-01
3.450000000000000000e+01,3.163907423443440781e+00,-2.181342542335311385e-01
3.460000000000000142e+01,2.958889683499401624e+00,2.483089605403043191e-03
3.470000000000000284e+01,3.163616768542923730e+00,1.509950769207544508e-01
3.480000000000000426e+01,3.172029643497987994e+00,6.812162017806167036e-02
3.489999999999999858e+01,2.960263164056839980e+00,-1.497319267451165947e-01
3.500000000000000000e+01,2.868253863066033471e+00,1.403964101756194904e-01
3.510000000000000142e+01,2.796291403365789296e+00,-1.764782215041748592e-01
3.520000000000000284e+01,2.901365706354189111e+00,6.441659135676132408e-02
3.530000000000000426e+01,3.270289198460263336e+00,1.320749518835791503e-01
3.539999999999999858e+01,3.053392428978785489e+00,3.130880873536460718e-01
3.550000000000000000e+01,3.260477868605201390e+00,-4.771006767359646517e-02
3.560000000000000142e+01,3.118981158756969574e+00,2.262250985733670894e-01
3.570000000000000284e+01,2.942360606070303142e+00,-7.320470965909019190e-02
3.580000000000000426e+01,2.899998138161385075e+00,2.718282027400813483e-01
3.589999999999999858e+01,3.244945463832501265e+00,-5.752984831571616303e-02
3.600000000000000000e+01,3.021964620010727298e+00,8.223454252004802276e-03
3.610000000000000142e+01,2.868910018162313946e+00,-3.037946454679871233e-02
3.620000000000000284e+01,3.018277742671418906e+00,-1.339088229407425432e-02
3.630000000000000426e+01,2.982892716973511771e+00,8.509420977963774377e-03
3.639999999999999858e+01,3.054428392812679416e+00,-1.370179016829679297e-01
3.650000000000000000e+01,3.080944977952036812e+00,-1.651512110006674305e-01
3.660000000000000142e+01,3.104471050987590353e+00,-2.655438964303223973e-02
3.670000000000000284e+01,3.018973789250295248e+00,1.357125301858053308e-02
3.680000000000000426e+01,3.240906989619079415e+00,1.524081454452120565e-01
3.689999999999999858e+01,3.145733627976283309e+00,-2.752103764278719666e-02
3.700000000000000000e+01,3.004479888725879899e+00,-2.417475783129315828e-03
3.710000000000000142e+01,2.966207925075745155e+00,-3.153607233467922016e-02
3.720000000000000284e+01,2.919326384045110245e+00,-3.815374214306502254e-02
3.730000000000000426e+01,2.936011204998967727e+00,1.224765304676264099e-01
3.739999999999999858e+01,2.786134481814599440e+00,2.275987118971553314e-01
3.750000000000000000e+01,2.804220982364796555e+00,-1.080957533690958677e-01
3.760000000000000142e+01,3.183215099627487277e+00,7.206865824563712941e-02
3.770000000000000284e+01,3.124955067200652081e+00,2.173751371268231869e-01
3.780000000000000426e+01,2.782899213395773508e+00,1.998988193564907312e-02
3.789999999999999858e+01,2.897765145129232778e+00,1.146168034810962416e-03
3.800000000000000000e+01,2.843808635143077801e+00,-3.723562775629052357e-02
3.810000000000000142e+01,3.229181790103320626e+00,-1.458923432629159189e-01
3.820000000000000284e+01,2.939930432247766845e+00,-1.954572365135708034e-01
3.830000000000000426e+01,3.032870666461287890e+00,1.017030492593989505e-01
3.840000000000000568e+01,3.118935365109791302e+00,9.873719015403877031e-02
3.850000000000000000e+01,2.935334007122137212e+00,-9.108931835384118103e-02
3.860000000000000142e+01,3.061331406421607504e+00,-1.520533836350153843e-02
3.870000000000000284e+01,3.309786571838953861e+00,5.042029432892806973e-02
3.880000000000000426e+01,2.920260815126805909e+00,-1.341051352121446771e-01
3.890000000000000568e+01,3.105972286256529102e+00,2.877725404232125278e-02
3.900000000000000000e+01,2.921760894081858684e+00,-1.526235920217541842e-01
3.910000000000000142e+01,2.973471513771649199e+00,1.161389796709137029e-01
3.920000000000000284e+01,3.043931477315852785e+00,1.289194080333428416e-01
3.930000000000000426e+01,2.995724010366332291e+00,9.148280641765560439e-02
3.940000000000000568e+01,2.831519980475179388e+00,-5.686236967699800221e-02
3.950000000000000000e+01,2.850631846496262334e+00,3.540215821625944947e-01
3.960000000000000142e+01,3.005026790055084884e+00,1.012593809141352358e-01
3.970000000000000284e+01,2.786228578100987008e+00,-1.977940542078702457e-01
3.980000000000000426e+01,2.911903030022652938e+00,-3.511189058119961598e-02
3.990000000000000568e+01,3.004876314589300268e+00,1.711379978540527869e-01
4.000000000000000000e+01,2.746807939509171348e+00,-1.044469939720936991e-01
4.010000000000000142e+01,3.026025943832345355e+00,4.062754945845102605e-02
4.020000000000000284e+01,2.899963837058706417e+00,-3.011240304986497959e-02
4.030000000000000426e+01,2.942835026777259610e+00,-6.752057889705362359e-02
4.040000000000000568e+01,2.944271203165205630e+00,2.263405148018700075e-01
4.050000000000000000e+01,3.096534598221307277e+00,3.136295302267437524e-02
4.060000000000000142e+01,3.119178758010120678e+00,-2.370340792631902560e-01
4.070000000000000284e+01,3.111879318058891286e+00,-1.469598630468784382e-02
4.080000000000000426e+01,3.179290532630408173e+00,-1.016900132611636785e-03
4.090000000000000568e+01,3.107715011152078155e+00,4.833940843245521785e-02
4.100000000000000000e+01,3.308484432235582862e+00,-1.821421472715502310e-01
4.110000000000000142e+01,3.131918968859213059e+00,9.406966337264932240e-03
4.120000000000000284e+01,2.884387291485019933e+00,1.269932371982478159e-01
4.130000000000000426e+01,2.974284489064566550e+00,3.968732062403614036e-02
4.140000000000000568e+01,2.885745856434771994e+00,1.288472022013521234e-01
4.150000000000000000e+01,2.842911318668678078e+00,2.466808116304154697e-02
4.160000000000000142e+01,3.078414487220394236e+00,1.718781101778460094e-02
4.170000000000000284e+01,2.820462287223291398e+00,-1.883021121780910703e-02
4.180000000000000426e+01,2.882644091538728137e+00,-1.990953249097730804e-01
4.190000000000000568e+01,3.026215212272433952e+00,1.026482401735375610e-02
4.200000000000000000e+01,2.819832746783706767e+00,7.335230662255037837e-02
4.210000000000000142e+01,2.871904435818137813e+00,4.430725082080302912e-02
4.220000000000000284e+01,2.922556856862717822e+00,-6.735453865879220681e-02
4.230000000000000426e+01,2.967095934009700287e+00,-6.175822020891527653e-02
4.240000000000000568e+01,2.927017508113217925e+00,2.900455766416774883e-02
4.250000000000000000e+01,2.897058965793142704e+00,2.342758261288448718e-01
4.260000000000000142e+01,3.097975322563109923e+00,7.463688860061307162e-02
4.270000000000000284e+01,3.065623806385778582e+00,-2.006316948502624709e-01
4.280000000000000426e+01,2.960429516994988131e+00,-2.031923784773196628e-01
4.290000000000000568e+01,2.843924072052828489e+00,-9.827349894374773007e-03
4.300000000000000000e+01,2.732405363185215208e+00,-2.305004505647649526e-02
4.310000000000000142e+01,3.078247913475387953e+00,-1.281200003342746196e-01
4.320000000000000284e+01,2.884405449902019747e+00,1.816986792635035819e-01
4.330000000000000426e+01,2.917797363507190322e+00,1.126020540403956799e-01
4.340000000000000568e+01,2.775783682193409430e+00,1.188244711896215694e-01
4.350000000000000000e+01,2.704984802331142912e+00,1.020892507015619260e-01
4.360000000000000142e+01,3.034006061235426266e+00,8.837946756971266915e-02
4.370000000000000284e+01,3.119029152166622687e+00,1.784483038163148239e-01
4.380000000000000426e+01,3.116680498822940848e+00,-3.970648513629878029e-01
4.390000000000000568e+01,3.114093473827753034e+00,6.594878039844359607e-02
4.400000000000000000e+01,3.046695125858775555e+00,-1.596473400833725853e-01
4.410000000000000142e+01,2.824245329635020063e+00,9.381672124445701588e-02
4.420000000000000284e+01,3.205343373579583321e+00,1.997046735216577787e-02
4.430000000000000426e+01,2.988184110564210627e+00,-1.304634764946296932e-01
4.440000000000000568e+01,3.037282970411472327e+00,2.995267757722805402e-01
4.450000000000000000e+01,3.061417022318778880e+00,-7.189654762968038758e-03
4.460000000000000142e+01,3.084363522941233171e+00,-2.468283673293462932e-02
4.470000000000000284e+01,2.867648851939420762e+00,-1.655537187380090938e-02
4.480000000000000426e+01,3.052559366558230014e+00,-2.401716254373016113e-01
4.490000000000000568e+01,2.952578984266336803e+00,-1.642994979162284430e-01
4.500000000000000000e+01,3.036714078630438962e+00,3.060791947456620310e-01
4.510000000000000142e+01,3.053309654552686325e+00,2.065329303798403571e-01
4.520000000000000284e+01,2.944303488886195197e+00,2.356921937138780829e-02
4.530000000000000426e+01,2.838022903402894759e+00,6.813447314276224742e-02
4.540000000000000568e+01,3.183505324750623977e+00,-1.582988703299499089e-01
4.550000000000000000e+01,3.133474002686377879e+00,-2.012741639439532756e-02
4.560000000000000142e+01,2.776091026290781638e+00,9.607110421584857951e-02
4.570000000000000284e+01,2.889986218099656057e+00,8.783928669789782540e-02
4.580000000000000426e+01,2.954800640063599992e+00,1.595131853619063955e-01
4.590000000000000568e+01,2.951474645431498178e+00,-7.198427074539348602e-02
4.600000000000000000e+01,2.961196332658836639e+00,-2.099877027337633817e-01
4.610000000000000142e+01,3.081708919817206294e+00,-1.997253754349259391e-01
4.620000000000000284e+01,2.911905055679847365e+00,-3.476491263356645822e-01
4.630000000000000426e+01,2.716634648668551311e+00,1.521678408640191604e-01
4.640000000000000568e+01,2.994848039272871798e+00,-1.478325847141105653e-01
4.650000000000000000e+01,2.941908788401859542e+00,1.434476959614705005e-01
4.660000000000000142e+01,2.881537136287616541e+00,-1.353689677739443598e-01
4.670000000000000284e+01,2.925417047942774129e+00,-2.890729243150349723e-02
4.680000000000000426e+01,2.950706725762895388e+00,1.368651807960442890e-01
4.690000000000000568e+01,2.986955234000997272e+00,2.464813421451526321e-01
4.700000000000000000e+01,2.908812876254459390e+00,-2.231284593761282201e-02
4.710000000000000142e+01,2.843519040778730744e+00,-2.065703473906035925e-02
4.720000000000000284e+01,3.059289198511781382e+00,9.340890026706502591e-02
4.730000000000000426e+01,3.010711527182840186e+00,-6.148321611657934366e-02
4.740000000000000568e+01,3.033959286110918363e+00,-1.337616203662857911e-02
4.750000000000000000e+01,3.174805553395984248e+00,-2.380883005192907798e-01
4.760000000000000142e+01,2.960616405458956990e+00,-1.919122117794035964e-01
4.770000000000000284e+01,3.065846074437479363e+00,3.772700375563617925e-01
4.780000000000000426e+01,2.966729184164063060e+00,-2.569190008433916428e-01
4.790000000000000568e+01,3.125516893027360243e+00,1.399137780051395163e-01
4.800000000000000000e+01,2.975455359299270519e+00,-6.543982508518764174e-02
4.810000000000000142e+01,3.157710028605207775e+00,1.194381836170667621e-01
4.820000000000000284e+01,3.064779787811785283e+00,4.894135728169632382e-01
4.830000000000000426e+01,3.104609157492555838e+00,-6.284788300595230137e-02
4.840000000000000568e+01,2.931437853987557851e+00,-1.113763056401025076e-01
4.850000000000000000e+01,2.922980022716344717e+00,1.575043830025162073e-01
4.860000000000000142e+01,3.145108372433313981e+00,-9.116040524680750490e-02
4.870000000000000284e+01,3.042686674173147310e+00,7.016463278200017750e-02
4.880000000000000426e+01,3.102306367493642636e+00,-2.804699796764962283e-01
4.890000000000000568e+01,2.907275728938850001e+00,1.026211862927033647e-01
4.900000000000000000e+01,3.106459959481544963e+00,-1.957566771019130236e-01
4.910000000000000142e+01,2.826800808315492297e+00,-2.551374046211384722e-02
4.920000000000000284e+01,2.883681328094072072e+00,-1.252751275557150573e-02
4.930000000000000426e+01,3.134017815036222121e+00,-6.531864219106872649e-02
4.940000000000000568e+01,3.104559863376095574e+00,1.437557722925540959e-01
4.950000000000000000e+01,2.772555732492925085e+00,1.712458308101127979e-02
4.960000000000000142e+01,2.783414837534568864e+00,6.234172799285286892e-02
4.970000000000000284e+01,3.061562207094248311e+00,-5.306434069379675073e-02
4.980000000000000426e+01,2.974035791391616890e+00,-1.601725933946913094e-01
4.990000000000000568e+01,2.870393602545659562e+00,2.204874218818252685e-01
5.000000000000000000e+01,2.810246383478792520e+00,-1.636953879219589514e-01
5.010000000000000142e+01,2.909081456024980916e+00,-2.364934523468703240e-03
5.020000000000000284e+01,3.206388951269277143e+00,9.211758434292763309e-02
5.030000000000000426e+01,2.693069511459197596e+00,2.047550734329456334e-01
5.040000000000000568e+01,2.968562721144455629e+00,-1.750130734292959234e-01
5.050000000000000000e+01,3.057492921370426942e+00,7.553773772263321085e-02
5.060000000000000142e+01,2.989602019268962518e+00,-9.963809437629543575e-02
5.070000000000000284e+01,2.872471380336436564e+00,3.261619431472390085e-02
5.080000000000000426e+01,3.099556733219944960e+00,2.056049350417832322e-01
5.090000000000000568e+01,2.783566300711915353e+00,-7.000950509639647379e-02
5.100000000000000000e+01,2.844538859655522778e+00,-2.988192808987967797e-01
5.110000000000000142e+01,3.096833161791327171e+00,9.023378625369142536e-02
5.120000000000000284e+01,3.136708385255190024e+00,1.683302811100052809e-01
5.130000000000000426e+01,2.944207495495263061e+00,1.464523025658126532e-01
5.140000000000000568e+01,2.573398533147188694e+00,3.328116027194492205e-02
5.150000000000000000e+01,2.894681061755106199e+00,9.449682999110246839e-02
5.160000000000000142e+01,3.197322572899057747e+00,-9.710348109541083739e-02
5.170000000000000284e+01,2.742686073228028043e+00,2.312702779804404474e-01
5.180000000000000426e+01,2.866854779978145196e+00,-1.402633368062857488e-01
5.190000000000000568e+01,3.032179709137455603e+00,1.077682485603152357e-01
5.200000000000000000e+01,3.093180555887728556e+00,1.160737681304707114e-01
5.210000000000000142e+01,3.120847260199794970e+00,1.293013893170620043e-01
5.220000000000000284e+01,3.097123117946954718e+00,4.712472961839472146e-02
5.230000000000000426e+01,2.750885784253543243e+00,8.781748245505130446e-02
5.240000000000000568e+01,3.170574514124877119e+00,3.019282929875908086e-02
5.250000000000000000e+01,2.991542652762141596e+00,-2.327269327165008284e-01
5.260000000000000142e+01,2.884165503220798232e+00,-2.203473149038694956e-01
5.270000000000000284e+01,3.008292465774436764e+00,2.645772896533766030e-02
5.280000000000000426e+01,3.322552801432974157e+00,-1.540717378287908279e-01
5.290000000000000568e+01,3.167211544106836918e+00,8.506513450069468074e-02
5.300000000000000000e+01,2.959734353384062988e+00,-3.076253777915685314e-02
5.310000000000000142e+01,3.245530087914024087e+00,2.649132919611179582e-01
5.320000000000000284e+01,2.962090706853843347e+00,7.485946739509286019e-02
5.330000000000000426e+01,2.762510240908574666e+00,-4.261142202172377852e-02
5.340000000000000568e+01,3.051391547627406720e+00,9.035059509771962982e-02
5.350000000000000000e+01,3.244747377974666058e+00,-3.974639357449193111e-02
5.360000000000000142e+01,3.144224600802663083e+00,-1.016698339587719935e-01
5.370000000000000284e+01,2.882484558794023766e+00,-3.075122276581319092e-01
5.380000000000000426e+01,2.782490096880018360e+00,-1.125793246140776860e-01
5.390000000000000568e+01,3.146976987127691139e+00,-2.098016991494065092e-02
5.400000000000000000e+01,2.941281208624475507e+00,-4.368847333181034159e-02
5.410000000000000142e+01,3.060297699136623972e+00,-9.211748647482394248e-02
5.420000000000000284e+01,2.885373756879115348e+00,-2.343352217206338961e-01
5.430000000000000426e+01,2.950764494476048050e+00,-9.921445785490809466e-02
5.440000000000000568e+01,3.032916787154678939e+00,-8.468950863947810256e-03
5.450000000000000000e+01,3.072589158872064630e+00,-3.127523589948952853e-01
5.460000000000000142e+01,3.114385359266468978e+00,1.408756362802476569e-01
5.470000000000000284e+01,3.227774866713645885e+00,1.387217471633710730e-01
5.480000000000000426e+01,3.020768161711983701e+00,-1.402612440167845254e-01
5.490000000000000568e+01,3.178955267786129468e+00,5.435052850095439120e-02
5.500000000000000000e+01,3.195255188040659000e+00,-4.178767742267859575e-02
5.510000000000000142e+01,2.971276158212631913e+00,1.925976212897911183e-02
5.520000000000000284e+01,2.721558004785698426e+00,1.142909598880512134e-01
5.530000000000000426e+01,3.115559759669872530e+00,2.643626882762944996e-01
5.540000000000000568e+01,3.187507097212104235e+00,-2.993483115510904569e-02
5.550000000000000000e+01,3.122789686439397361e+00,1.026617167390656837e-01
5.560000000000000142e+01,2.984946059378811967e+00,-5.994377425413415644e-02
5.570000000000000284e+01,3.005809068212963897e+00,-2.825256782132058025e-02
5.580000000000000426e+01,3.085888549557735505e+00,-6.719935240690813605e-02
5.590000000000000568e+01,3.005434644908282049e+00,-4.834386839546019748e-02
5.600000000000000000e+01,3.169352646143021701e+00,-1.550090860009981086e-01
5.610000000000000142e+01,3.165725991305042175e+00,-4.033455777967540762e-02
5.620000000000000284e+01,2.788105032632302027e+00,-7.900446677904714166e-02
5.630000000000000426e+01,2.798082641349220800e+00,-1.093833582536490462e-01
5.640000000000000568e+01,2.971005939152572939e+00,7.814763396937568496e-02
5.650000000000000000e+01,2.884068051633227547e+00,6.079537658031373276e-02
5.660000000000000142e+01,2.803747430626358117e+00,9.871440625138080960e-02
5.670000000000000284e+01,2.812374266025429836e+00,-1.001982675145597357e-01
5.680000000000000426e+01,2.946751592599614167e+00,6.950320993434256148e-03
5.690000000000000568e+01,3.098900301267575763e+00,1.762762309881056588e-01
5.700000000000000000e+01,2.932933217740414378e+00,2.177046219115751080e-01
5.710000000000000142e+01,3.236595779860580890e+00,2.323802266309406978e-02
5.720000000000000284e+01,3.040445801335898590e+00,2.118397001922442957e-01
5.730000000000000426e+01,3.085737872996357378e+00,-4.096098065695117502e-02
5.740000000000000568e+01,2.923224425856102204e+00,6.842577222544563020e-02
5.750000000000000000e+01,3.138629822472416731e+00,-2.011264842969469058e-01
5.760000000000000142e+01,3.010898118450620053e+00,-1.980834789535241836e-01
5.770000000000000284e+01,3.002408173416612147e+00,3.705903936093771917e-02
5.780000000000000426e+01,3.001811505672048686e+00,8.146961054130712199e-02
5.790000000000000568e+01,2.872784596639414101e+00,1.113524601359640875e-01
5.800000000000000000e+01,2.931752302283742839e+00,1.483968834975754603e-01
5.810000000000000142e+01,3.005776438952922902e+00,-1.482213869620355694e-02
5.820000000000000284e+01,3.068944762811477656e+00,-5.645364694462701172e-02
5.830000000000000426e+01,3.045248500732470553e+00,6.319574223360451340e-03
5.840000000000000568e+01,2.879256940282132859e+00,-2.739822039915225105e-01
5.850000000000000000e+01,3.028959054319089184e+00,-1.038963602782842950e-02
5.860000000000000142e+01,2.933586320369405698e+00,4.630433252636029229e-02
5.870000000000000284e+01,2.969025821256865871e+00,4.814452009965965174e-02
5.880000000000000426e+01,3.051054212905246477e+00,-7.832702192735020719e-02
5.890000000000000568e+01,3.051426098119298214e+00,-7.142545074278477957e-02
5.900000000000000000e+01,3.167968663401181661e+00,1.131391612671885927e-01
5.910000000000000142e+01,2.737911216750493981e+00,6.042082910650245497e-02
5.920000000000000284e+01,3.104316758016393507e+00,1.675415246429809990e-01
5.930000000000000426e+01,3.059771384007968997e+00,-1.072572011902889616e-01
5.940000000000000568e+01,2.992339840795686268e+00,5.334365829787644786e-02
5.950000000000000000e+01,3.103909324555802485e+00,-1.413792018837109910e-04
5.960000000000000142e+01,3.147730443587618776e+00,2.118839419756134712e-01
5.970000000000000284e+01,3.143549590342426647e+00,-1.208842967016001552e-01
5.980000000000000426e+01,2.951555967171381578e+00,1.234987251412779791e-01
5.990000000000000568e+01,3.082179785554016505e+00,3.170196126783244445e-02
6.000000000000000000e+01,2.906397571655216172e+00,-6.858297123514771332e-02
6.010000000000000142e+01,3.034490006601104906e+00,-1.315025374387006618e-01
6.020000000000000284e+01,3.188673398389977987e+00,-1.904990003092146000e-01
6.030000000000000426e+01,3.147425343382170393e+00,4.240543979826673360e-02
6.040000000000000568e+01,2.893818855329024053e+00,1.669877620865878043e-01
6.050000000000000000e+01,2.965034579336872866e+00,-5.789366860037449894e-03
6.060000000000000142e+01,2.929379758452655302e+00,1.572013866211318181e-02
6.070000000000000284e+01,3.140909242007217550e+00,2.638647873191712345e-01
6.080000000000000426e+01,3.489425654005416710e+00,1.131039736053721621e-02
6.090000000000000568e+01,2.898761059966834086e+00,2.145729992424220273e-02
6.100000000000000000e+01,2.952553816903929818e+00,-4.256831571522747514e-03
6.110000000000000142e+01,3.012211894970927339e+00,1.425339348165229336e-01
6.120000000000000284e+01,3.059941999558105863e+00,1.058836112710681981e-01
6.130000000000000426e+01,3.112322119042172819e+00,2.470431947632769909e-01
6.140000000000000568e+01,3.170272533368911017e+00,1.642176089203694345e-01
6.150000000000000000e+01,3.190974977417681657e+00,2.107973659247504572e-01
6.160000000000000142e+01,2.947223494280185374e+00,-8.863975443282720579e-02
6.170000000000000284e+01,2.933960883487178872e+00,-9.512033895868765576e-02
6.180000000000000426e+01,2.912904251823164259e+00,2.095131146807821532e-01
6.190000000000000568e+01,2.991778211341286742e+00,2.110088806802345729e-01
6.200000000000000000e+01,2.903197988676595287e+00,1.362507733643334995e-01
6.210000000000000142e+01,3.035451974937628972e+00,-1.150802789467761378e-01
6.220000000000000284e+01,3.089407891331309663e+00,-1.897072593816011010e-01
6.230000000000000426e+01,2.803987705760406790e+00,-5.839697354077755947e-02
6.240000000000000568e+01,3.164909497716953179e+00,-6.175224100092155388e-02
6.250000000000000000e+01,3.039870095687450036e+00,1.676667300798558580e-01
6.260000000000000142e+01,2.945549100693681144e+00,-1.941132452843864764e-01
6.270000000000000284e+01,3.114496544444631532e+00,-6.770946233008114101e-02
6.280000000000000426e+01,2.887067770848401160e+00,2.643881877529776214e-01
6.290000000000000568e+01,3.379045893436380510e+00,-4.792420111756023893e-02
6.300000000000000000e+01,3.135333356863778231e+00,5.695485122813337409e-02
6.310000000000000142e+01,3.150903937558525492e+00,-1.909466893156640810e-01
6.320000000000000284e+01,2.954115342533935706e+00,-2.057166400586148969e-01
6.330000000000000426e+01,2.843594059074215696e+00,7.645251804247353566e-02
6.340000000000000568e+01,3.124962086464781574e+00,-7.213619771655890855e-02
6.350000000000000000e+01,3.154003344051875768e+00,5.998681281496551394e-03
6.360000000000000142e+01,3.041770167121979895e+00,1.142848915887655775e-01
6.370000000000000284e+01,2.848507846338393712e+00,-2.973819625402265299e-01
6.380000000000000426e+01,3.251648735835069637e+00,1.226304469748444037e-01
6.390000000000000568e+01,3.217374795626242623e+00,-8.961587993102096417e-02
6.400000000000000000e+01,2.889450800404567588e+00,6.595169029607887701e-02
6.410000000000000853e+01,2.821317459523001947e+00,2.954281417458722372e-02
6.420000000000000284e+01,3.277100228299810958e+00,-1.015462165798868520e-02
6.429999999999999716e+01,2.953321717855597939e+00,-2.340530557388166011e-01
6.440000000000000568e+01,2.806224045087299501e+00,1.582687178294106822e-01
6.450000000000000000e+01,3.084221482799422098e+00,1.058144708106900783e-01
6.460000000000000853e+01,3.054136807723803138e+00,-1.313651946709389340e-01
6.470000000000000284e+01,3.240750237419966151e+00,1.102440120133918802e-02
6.479999999999999716e+01,3.032127384581681628e+00,-1.238722653953226449e-01
6.490000000000000568e+01,3.044443273613134604e+00,8.564979784779014338e-02
6.500000000000000000e+01,2.842283210273971239e+00,1.760284998982037177e-02
6.510000000000000853e+01,3.045649930943655992e+00,6.704704895157646838e-02
6.520000000000000284e+01,2.930334927037717030e+00,2.080357979374153066e-01
6.529999999999999716e+01,2.994095818129459019e+00,3.482675242943311048e-03
6.540000000000000568e+01,2.951233943987677577e+00,-7.661995474397043093e-02
6.550000000000000000e+01,3.033828162669556683e+00,6.463984988354107286e-02
6.560000000000000853e+01,2.897179752081046278e+00,9.448563189994532707e-02
6.570000000000000284e+01,3.175302801346671533e+00,-8.704532214878835106e-02
6.579999999999999716e+01,3.119693009330041900e+00,-2.374957121875940699e-02
6.590000000000000568e+01,3.067020558713905665e+00,9.957515431993320398e-02
6.600000000000000000e+01,3.140713241827657320e+00,-3.843844834233974272e-01
6.610000000000000853e+01,2.979446646448718816e+00,2.480533459434006438e-01
6.620000000000000284e+01,3.082437258879109798e+00,1.172163817998035998e-02
6.629999999999999716e+01,3.068602863321758356e+00,5.026086155179108200e-02
6.640000000000000568e+01,2.975567717832173109e+00,7.087542671136762285e-02
6.650000000000000000e+01,2.716541766496052279e+00,9.779112712395210405e-02
6.660000000000000853e+01,3.245683240989206464e+00,-1.680561560628710260e-01
6.670000000000000284e+01,2.743152442260445412e+00,1.587728533988945478e-01
6.679999999999999716e+01,2.967939213145628585e+00,1.256221058646632138e-01
6.690000000000000568e+01,3.178175211434500547e+00,-2.170108920868044772e-02
6.700000000000000000e+01,2.611708894754257493e+00,6.018142803312252764e-02
6.710000000000000853e+01,3.087561801255060079e+00,-2.702919894181730065e-01
6.720000000000000284e+01,3.145346879912111593e+00,2.953781953575580418e-02
6.729999999999999716e+01,3.160533500613096791e+00,1.066727431289002104e-01
6.740000000000000568e+01,2.688283831074548935e+00,9.082857866616735054e-02
6.750000000000000000e+01,2.814444320736871674e+00,-3.478504909889202495e-02
6.760000000000000853e+01,3.007442015469294461e+00,-7.697041864789709587e-02
6.770000000000000284e+01,3.078835944002465297e+00,5.049642677833810628e-02
6.779999999999999716e+01,3.084482945706829238e+00,-9.758710460305045076e-02
6.790000000000000568e+01,2.935599460696194818e+00,4.360635757588701700e-02
6.800000000000000000e+01,2.812517182318977849e+00,-2.843457554935544321e-02
6.810000000000000853e+01,2.843070061074213228e+00,-3.943619740224753312e-02
6.820000000000000284e+01,3.013201044482007429e+00,-2.073215937950630694e-01
6.829999999999999716e+01,3.213143660716671679e+00,1.244956911254603213e-02
6.840000000000000568e+01,3.117216245873538849e+00,2.528067339472140143e-02
6.850000000000000000e+01,2.803828004081368341e+00,9.447943401181220502e-02
6.860000000000000853e+01,3.020212198932510805e+00,-6.225305563388153218e-02
6.870000000000000284e+01,2.895934658908773329e+00,1.524149224763753918e-01
6.879999999999999716e+01,2.947880754330554964e+00,-1.851904468995433928e-01
6.890000000000000568e+01,2.956771058762535986e+00,1.195045147769274868e-01
6.900000000000000000e+01,2.983672944969271157e+00,-1.554240609559328079e-01
6.910000000000000853e+01,3.061242834416889380e+00,7.369849128118806381e-02
6.920000000000000284e+01,2.885843770051168988e+00,-1.135913252325929518e-01
6.929999999999999716e+01,2.976410013142176236e+00,9.774677898778397211e-02
6.940000000000000568e+01,3.116219854807525724e+00,1.530017399202687201e-01
6.950000000000000000e+01,2.910589457974622984e+00,8.925910717307507236e-02
6.960000000000000853e+01,3.023523671989012840e+00,1.373150384298540971e-01
6.970000000000000284e+01,2.973185524381125155e+00,-2.212740447601037053e-01
6.979999999999999716e+01,3.015520833890503294e+00,9.026651426400926492e-02
6.990000000000000568e+01,3.086381645594888923e+00,-2.252127918544520602e-01
7.000000000000000000e+01,2.866986959607446206e+00,1.483457866031220873e-01
7.010000000000000853e+01,2.966285599645994697e+00,4.586207610271951507e-02
7.020000000000000284e+01,2.981640336750618570e+00,-3.513590418761042972e-02
7.029999999999999716e+01,2.943188902148820230e+00,2.016670944777737284e-01
7.040000000000000568e+01,2.688906100962312529e+00,2.042436019234410843e-02
7.050000000000000000e+01,3.083315374607051851e+00,2.206740871483557076e-01
7.060000000000000853e+01,3.181038282325092670e+00,-1.518190272520386908e-01
7.070000000000000284e+01,3.129242642351259374e+00,3.615157356761931201e-02
7.079999999999999716e+01,2.956255181321415293e+00,-1.151462702184023329e-01
7.090000000000000568e+01,3.205139486572949004e+00,-1.018069485431029042e-01
7.100000000000000000e+01,3.128177363764959029e+00,2.213811505682962977e-01
7.110000000000000853e+01,2.875294340543151250e+00,-2.469261437232586065e-01
7.120000000000000284e+01,2.890735759035267805e+00,1.452940372396076540e-01
7.129999999999999716e+01,3.102985292848889465e+00,-3.866308530791399134e-01
7.140000000000000568e+01,3.316612022450522446e+00,-2.758389031331831553e-01
7.150000000000000000e+01,3.011616496926146969e+00,9.264680593686800206e-03
7.160000000000000853e+01,2.925532369838881319e+00,1.588856153596464593e-01
7.170000000000000284e+01,3.113196955960969792e+00,1.133588303444464651e-01
7.179999999999999716e+01,3.079493353305760905e+00,6.963289301628648731e-02
7.190000000000000568e+01,3.022755700221705588e+00,-6.857541597070529460e-02
7.200000000000000000e+01,2.974598632629025463e+00,-4.021224043635361622e-02
7.210000000000000853e+01,2.934502778258142985e+00,-1.785299228524101223e-01
7.220000000000000284e+01,3.058276915423970621e+00,-5.209923146195406113e-02
7.229999999999999716e+01,2.969869786088690233e+00,-1.825506626272687394e-01
7.240000000000000568e+01,3.000076342918138739e+00,-4.734527552209792656e-02
7.250000000000000000e+01,3.061427056165580307e+00,2.194071582243466850e-02
7.260000000000000853e+01,2.846942463355769615e+00,8.312637552822074727e-02
7.270000000000000284e+01,2.795778387147278110e+00,-1.255275344032731333e-01
7.279999999999999716e+01,3.209553824792844345e+00,-2.590469187432983128e-02
7.290000000000000568e+01,3.361999907133706333e+00,1.783428033266388490e-01
7.300000000000000000e+01,2.921474082283285423e+00,3.147034804719429923e-02
7.310000000000000853e+01,2.888332725852700733e+00,-1.006886698969384902e-01
7.320000000000000284e+01,2.811599917200970911e+00,-3.244725984770330252e-01
7.329999999999999716e+01,2.964983799181732049e+00,8.791796284793082505e-02
7.340000000000000568e+01,3.057328622932618423e+00,2.501406083320515950e-01
7.350000000000000000e+01,2.978635701889128296e+00,1.484201554406933687e-01
7.360000000000000853e+01,2.725306544327744440e+00,-4.533780422119196990e-02
7.370000000000000284e+01,2.887890027917232594e+00,-6.141811153165581405e-02
7.379999999999999716e+01,2.976640132051268317e+00,-1.327055636844381159e-01
7.390000000000000568e+01,2.854155203228605941e+00,-2.182502530664227336e-01
7.400000000000000000e+01,3.066537320069428141e+00,8.017672623548328936e-02
7.410000000000000853e+01,3.089551793364574195e+00,8.948300572833134403e-02
7.420000000000000284e+01,2.893098383201259338e+00,1.515034881529717103e-02
7.429999999999999716e+01,3.223737069421297008e+00,-5.596973908135485093e-02
7.440000000000000568e+01,2.850640567853301999e+00,1.156562419650887935e-01
7.450000000000000000e+01,3.028537195188050646e+00,1.598943028383181808e-01
7.460000000000000853e+01,2.897878637241478650e+00,-3.241351882910104010e-01
7.470000000000000284e+01,2.987377265408571070e+00,3.293292035040340515e-02
7.479999999999999716e+01,3.082174743491861602e+00,-1.291173375587480743e-01
7.490000000000000568e+01,3.025946855721926898e+00,-2.328481050198704938e-01
7.500000000000000000e+01,3.065670842980313004e+00,-1.656041073211530490e-01
7.510000000000000853e+01,3.065903813321139815e+00,-2.151562802419247078e-01
7.520000000000000284e+01,2.922946571957338868e+00,3.909549380228741211e-02
7.529999999999999716e+01,3.089423226836530922e+00,8.453919291745609632e-02
7.540000000000000568e+01,3.006181954658242894e+00,1.878261967241888764e-01
7.550000000000000000e+01,2.996934546854808534e+00,-4.701791188660440872e-03
7.560000000000000853e+01,3.333625522486671766e+00,3.087557877429300546e-01
7.570000000000000284e+01,3.090261504080552779e+00,1.940993540133171408e-02
7.579999999999999716e+01,3.128797225162724072e+00,1.077033400056337104e-01
7.590000000000000568e+01,2.993507398857663926e+00,-1.968871987042951355e-01
7.600000000000000000e+01,2.840982524754996685e+00,-1.006668021642851824e-01
7.610000000000000853e+01,2.985527782902937854e+00,1.891867755396017536e-01
7.620000000000000284e+01,2.925204507531389719e+00,-4.796842965880455424e-03
7.629999999999999716e+01,2.911440988190482582e+00,1.480291853698171844e-01
7.640000000000000568e+01,2.851022674541181079e+00,-5.855567218642689087e-02
7.650000000000000000e+01,2.963771744399275043e+00,-3.957095550686769159e-02
7.660000000000000853e+01,2.936321698713300066e+00,2.004445528093212747e-01
7.670000000000000284e+01,2.865781310615135080e+00,-5.605085033549109946e-02
7.680000000000001137e+01,2.790537222186024291e+00,5.390687385095270512e-02
7.690000000000000568e+01,2.902821627054299469e+00,2.140903473277085828e-02
7.700000000000000000e+01,3.078934191604887349e+00,-1.147974330875724119e-01
7.710000000000000853e+01,3.162013394872460026e+00,-2.356339594495242828e-01
7.720000000000000284e+01,2.939253397436513815e+00,1.906845721674391494e-02
7.730000000000001137e+01,2.929754990120534863e+00,8.674724324206417592e-02
7.740000000000000568e+01,2.839257171613114306e+00,-3.362467399385224986e-01
7.750000000000000000e+01,2.869511991253570038e+00,-1.656090004561489026e-02
7.760000000000000853e+01,3.134255044071625917e+00,1.319278109861510631e-02
7.770000000000000284e+01,3.154425219356638888e+00,-4.143704712736325652e-02
7.780000000000001137e+01,2.915777374827220214e+00,4.361701550674906835e-02
7.790000000000000568e+01,2.948535364778600787e+00,2.735740566998275392e-01
7.800000000000000000e+01,2.877766640217584104e+00,7.311806610743840085e-02
7.810000000000000853e+01,2.792660467921576295e+00,1.724268322103887363e-01
7.820000000000000284e+01,3.229383106712850005e+00,1.537925248518184074e-01
7.830000000000001137e+01,3.036956070899854865e+00,-1.473349158344999243e-01
7.840000000000000568e+01,3.266824452248662691e+00,-1.522090344393701444e-01
7.850000000000000000e+01,3.178877936855874609e+00,-8.663403269956106156e-03
7.860000000000000853e+01,3.187084004395488002e+00,1.728914482488291549e-01
7.870000000000000284e+01,2.875490659937231630e+00,-1.707276151379231166e-01
7.880000000000001137e+01,3.023819375218535388e+00,-1.188125052853173658e-01
7.890000000000000568e+01,3.212895453198845619e+00,2.769484075794330646e-01
7.900000000000000000e+01,2.881372292770463250e+00,2.399362564138873832e-01
7.910000000000000853e+01,3.038451389191174634e+00,1.495204403257013315e-01
7.920000000000000284e+01,3.109124381850559171e+00,-3.790715991591385170e-01
7.930000000000001137e+01,3.082832900236597951e+00,-1.989136557166957808e-01
7.940000000000000568e+01,3.178660953105554743e+00,1.655466185077144325e-01
7.950000000000000000e+01,3.016816043252795509e+00,2.716621201203723857e-01
7.960000000000000853e+01,2.960817108354369509e+00,1.727234541499763631e-01
7.970000000000000284e+01,3.023672290509092253e+00,1.958418861435637093e-01
7.980000000000001137e+01,3.147746025133900893e+00,-1.954858595645404123e-02
7.990000000000000568e+01,2.950564668011691261e+00,-1.818837669931519796e-01
8.000000000000000000e+01,3.119277467487266975e+00,-1.103933410198034391e-02
8.010000000000000853e+01,2.970065656404770049e+00,1.975404249858901395e-01
8.020000000000000284e+01,2.975526507187089109e+00,-5.998553493334251273e-03
8.030000000000001137e+01,2.959562491520743688e+00,-1.208012395585277982e-01
8.040000000000000568e+01,2.986103752027100544e+00,3.870962216827995850e-02
8.050000000000000000e+01,2.737887978384673460e+00,-4.524897347870144443e-02
8.060000000000000853e+01,2.851542900182704621e+00,9.773006060982314391e-02
8.070000000000000284e+01,2.879858294283491826e+00,1.546105331826020113e-01
8.080000000000001137e+01,3.040560144029234468e+00,-4.192805163804667612e-01
8.090000000000000568e+01,2.926901265227565663e+00,-6.748837687810785302e-02
8.100000000000000000e+01,3.034575901668861597e+00,-1.826210420290234338e-01
8.110000000000000853e+01,2.739255853118412354e+00,1.697018647382267376e-01
8.120000000000000284e+01,2.775306456751364337e+00,1.556008588712132490e-01
8.130000000000001137e+01,2.823863792649672799e+00,1.739973517795345981e-01
8.140000000000000568e+01,3.014229376001408944e+00,-1.860160044566329107e-01
8.150000000000000000e+01,2.913790919479922970e+00,-1.587915932268837149e-01
8.160000000000000853e+01,3.093889461283438891e+00,-1.605945201755758778e-01
8.170000000000000284e+01,3.014610756496573618e+00,1.692206659742765684e-01
8.180000000000001137e+01,3.078487962754873575e+00,-5.619105705499146536e-02
8.190000000000000568e+01,2.623786290684539502e+00,9.513467566619503157e-02
8.200000000000000000e+01,2.873923064929084781e+00,1.503251654358868927e-01
8.210000000000000853e+01,2.952678864168541750e+00,-5.720879355490841867e-02
8.220000000000000284e+01,3.163552347534487552e+00,-9.568191333589912140e-02
8.230000000000001137e+01,3.051923954666652339e+00,-2.993083161127067446e-02
8.240000000000000568e+01,3.221789774926397953e+00,1.284573283384560227e-02
8.250000000000000000e+01,3.110351054041652130e+00,-2.650717538534448636e-02
8.260000000000000853e+01,2.832094217794558499e+00,-1.776800167016311383e-01
8.270000000000000284e+01,2.867620377810155219e+00,-3.050154213226286548e-01
8.280000000000001137e+01,2.839026292165634402e+00,-2.263053294288358830e-01
8.290000000000000568e+01,2.816395775526217449e+00,8.627239531022960761e-02
8.300000000000000000e+01,2.794117841253062284e+00,2.453650979744660676e-01
8.310000000000000853e+01,2.984634009394507181e+00,-9.113935936736694554e-02
8.320000000000000284e+01,3.036447041226665977e+00,-6.878821294548143062e-02
8.330000000000001137e+01,3.222389807564520758e+00,-2.439142549012759120e-01
8.340000000000000568e+01,3.060475257605295596e+00,7.282427189190529560e-02
8.350000000000000000e+01,2.848954474444965523e+00,1.182637796227613697e-01
8.360000000000000853e+01,3.171659438790855212e+00,-2.193953544468934813e-01
8.370000000000000284e+01,3.236290099092748118e+00,-3.131816495693767657e-03
8.380000000000001137e+01,3.077986905411428165e+00,-8.744679619965754769e-02
8.390000000000000568e+01,3.108896836758475946e+00,1.440571724530453623e-01
8.400000000000000000e+01,2.889218170713158784e+00,-1.569966905471922303e-01
8.410000000000000853e+01,2.970891847980333900e+00,-2.610836887175615462e-01
8.420000000000000284e+01,2.976795647981603121e+00,-3.741590075658333681e-01
8.430000000000001137e+01,2.795805534937745307e+00,-3.205260445904979938e-01
8.440000000000000568e+01,2.958016241474840768e+00,-1.201014008093951868e-01
8.450000000000000000e+01,3.003199392848217020e+00,2.561301768673001078e-01
8.460000000000000853e+01,3.141612524671462570e+00,2.663011064736230393e-01
8.470000000000000284e+01,3.054724791973786324e+00,-1.583721374634622925e-01
8.480000000000001137e+01,2.918679800516163603e+00,-1.161597625163452996e-01
8.490000000000000568e+01,3.028446980127164512e+00,-1.219131202668797959e-01
8.500000000000000000e+01,2.951312892867723914e+00,-6.165334629877938094e-02
8.510000000000000853e+01,3.118213360297921621e+00,-1.272863625900142459e-01
8.520000000000000284e+01,2.915958273381132226e+00,-1.119938587183864354e-01
8.530000000000001137e+01,2.881185212326985656e+00,-3.518877623661522680e-01
8.540000000000000568e+01,3.176180928382841717e+00,-9.338171679178257356e-02
8.550000000000000000e+01,3.209975349960539237e+00,-4.483740717843227586e-01
8.560000000000000853e+01,2.898239862587612681e+00,2.954119418199807612e-02
8.570000000000000284e+01,3.077360333935665881e+00,-7.668186568012465287e-02
8.580000000000001137e+01,2.606332944228149984e+00,-3.044810171974409764e-03
8.590000000000000568e+01,3.203411102901819074e+00,-3.552336546529524797e-01
8.600000000000000000e+01,2.880285076880752637e+00,-2.002516356108340889e-01
8.610000000000000853e+01,3.007219311290935337e+00,1.317962618896813820e-01
8.620000000000000284e+01,2.965419466808270954e+00,9.195878406897307900e-02
8.630000000000001137e+01,2.828752286084948775e+00,1.928547286373859596e-02
8.640000000000000568e+01,3.127979383734078134e+00,7.910163346747302315e-02
8.650000000000000000e+01,3.011264178896648325e+00,2.456187250036292735e-01
8.660000000000000853e+01,2.951163001966822907e+00,-2.833903061209039603e-03
8.670000000000000284e+01,2.952406025451860483e+00,1.416273441811602141e-01
8.680000000000001137e+01,3.119238700731884251e+00,9.378102305158907137e-02
8.690000000000000568e+01,3.087576057816852959e+00,1.457648047230110655e-01
8.700000000000000000e+01,3.058855864691510273e+00,2.676613688722394024e-01
8.710000000000000853e+01,2.903804729432589937e+00,-1.537440126358230186e-01
8.720000000000000284e+01,3.154260337093736766e+00,-1.520898170569145308e-02
8.730000000000001137e+01,2.841694077894691972e+00,-2.088155459542996237e-02
8.740000000000000568e+01,3.061376205274831008e+00,-1.394862188942460335e-01
8.750000000000000000e+01,3.148564902005875243e+00,1.490399173463084481e-01
8.760000000000000853e+01,2.897643883962250477e+00,-3.823852336290105292e-02
8.770000000000000284e+01,2.843266063409043198e+00,-9.836774970901821999e-03
8.780000000000001137e+01,3.055025392894672454e+00,-5.442834698042083724e-02
8.790000000000000568e+01,3.001937584799113434e+00,7.820914199207709694e-02
8.800000000000000000e+01,3.025730961970524824e+00,1.756229106821277641e-01
8.810000000000000853e+01,2.833999052394193363e+00,5.144571249658336926e-02
8.820000000000000284e+01,2.788461618665052377e+00,-1.895349921491946282e-02
8.830000000000001137e+01,3.022541129570537777e+00,1.125703321258305217e-01
8.840000000000000568e+01,3.080802052683318859e+00,7.456399254417175881e-02
8.850000000000000000e+01,3.236590760386924615e+00,1.748005663324904424e-01
8.860000000000000853e+01,2.986804221712838991e+00,-3.734866086669193924e-02
8.870000000000000284e+01,2.896210696989827582e+00,2.911980492562011094e-02
8.880000000000001137e+01,2.971379612674373671e+00,1.278509577629952654e-01
8.890000000000000568e+01,2.957752823551794474e+00,-2.289999924230160314e-02
8.900000000000000000e+01,3.108978869378526078e+00,-1.830197680846061825e-01
8.910000000000000853e+01,2.897387659808551064e+00,-1.227798136416362318e-01
8.920000000000000284e+01,2.990127519110609811e+00,-1.772721144498375367e-01
8.930000000000001137e+01,3.210839782484638416e+00,-1.365931611512783417e-01
8.940000000000000568e+01,2.990979301595302342e+00,-1.532342717246647779e-01
8.950000000000000000e+01,3.044865614189661507e+00,-2.166678613457971581e-01
8.960000000000000853e+01,2.807722467866151206e+00,1.475740128467782075e-01
8.970000000000000284e+01,3.083703899294976125e+00,1.193298000409662857e-01
8.980000000000001137e+01,2.865787965399503090e+00,1.577386590333799965e-01
8.990000000000000568e+01,2.977376283416171887e+00,-1.036501222580112902e-01
9.000000000000000000e+01,3.027223585566565234e+00,-8.116661443866983461e-02
9.010000000000000853e+01,2.786373972426501311e+00,-1.327807553129323193e-01
9.020000000000000284e+01,2.803894132993553612e+00,-5.711353573223892921e-02
9.030000000000001137e+01,2.832069609132030763e+00,3.308723387389188308e-02
9.040000000000000568e+01,2.906406095071249585e+00,8.950509110014100156e-02
9.050000000000000000e+01,3.127886252829664482e+00,1.959383763053727523e-01
9.060000000000000853e+01,3.051145565201617504e+00,-4.147160031781905315e-02
9.070000000000000284e+01,2.947227082706487256e+00,-2.450941674027099226e-01
9.080000000000001137e+01,3.121458250287041380e+00,-5.032478823514954097e-02
9.090000000000000568e+01,2.955078339274173960e+00,-3.511138144488239882e-02
9.100000000000000000e+01,3.056535435994484295e+00,-1.667899177767182342e-02
9.110000000000000853e+01,3.074970641478617761e+00,1.093952188561660849e-01
9.120000000000000284e+01,3.195711276416449476e+00,7.352770076397732724e-02
9.130000000000001137e+01,2.816018585517355621e+00,2.097310418104931726e-02
9.140000000000000568e+01,2.926015746485764346e+00,1.741480806567433648e-01
9.150000000000000000e+01,3.047253899658027176e+00,8.417312567713371163e-02
9.160000000000000853e+01,3.082631881545703667e+00,-2.291814401458488748e-01
9.170000000000000284e+01,3.160238428191283422e+00,-7.009261372248817845e-02
9.180000000000001137e+01,2.695128523833559608e+00,-9.687528954736568387e-02
9.190000000000000568e+01,3.108560565484920435e+00,-5.348047468563850437e-02
9.200000000000000000e+01,3.089889284893635235e+00,-1.477778484764465383e-01
9.210000000000000853e+01,3.017748204261979428e+00,8.145873925380842095e-02
9.220000000000000284e+01,3.239584215555150859e+00,1.345086543042071925e-01
9.230000000000001137e+01,3.241796364527483654e+00,1.284866795685628560e-01
9.240000000000000568e+01,3.102145743495193564e+00,2.081000049583737466e-01
9.250000000000000000e+01,3.030879380676732460e+00,-6.040458018302621163e-02
9.260000000000000853e+01,3.066852535291331616e+00,-1.203349545619382815e-01
9.270000000000000284e+01,3.194051821254779711e+00,7.455591972083558394e-02
9.280000000000001137e+01,3.054794273309396679e+00,-1.203448431122103868e-01
9.290000000000000568e+01,3.203079855397830578e+00,1.470378339711291005e-01
9.300000000000000000e+01,2.982020283504241309e+00,-1.074695331822089622e-01
9.310000000000000853e+01,2.917924976340931842e+00,-4.263287371513621582e-02
9.320000000000000284e+01,2.888189598500898736e+00,-1.266671755948054756e-01
9.330000000000001137e+01,2.963677453032445896e+00,5.544297147580716859e-03
9.340000000000000568e+01,3.172699201252050738e+00,-1.620922285247365091e-01
9.350000000000000000e+01,2.959734200727486719e+00,2.300060244684365152e-01
9.360000000000000853e+01,2.862187007622270851e+00,2.678228424985963575e-04
9.370000000000000284e+01,3.040746724256589761e+00,2.882592910217325263e-02
9.380000000000001137e+01,3.124823482913746897e+00,3.950896652003076798e-02
9.390000000000000568e+01,3.019034258136920279e+00,-4.005981634656569784e-02
9.400000000000000000e+01,3.102449989623814020e+00,1.587444615231561329e-01
9.410000000000000853e+01,3.260512577995735128e+00,-7.103846830644142130e-02
9.420000000000000284e+01,2.963976224733111842e+00,1.855683055544572191e-01
9.430000000000001137e+01,2.935099566290979567e+00,5.501431435908273049e-02
9.440000000000000568e+01,3.042339544565639375e+00,-4.046483062162986588e-02
9.450000000000000000e+01,2.848635602360601204e+00,-1.963056228772317169e-01
9.460000000000000853e+01,2.971754799951093595e+00,-7.589689994696961761e-02
9.470000000000000284e+01,3.183612068754607005e+00,1.101371155797475909e-01
9.480000000000001137e+01,3.092631431523362728e+00,1.103152559298237051e-01
9.490000000000000568e+01,2.963865610675920692e+00,1.452613281472487639e-01
9.500000000000000000e+01,3.270985968431600277e+00,-2.314380421649082920e-01
9.510000000000000853e+01,3.102673807156973496e+00,3.157296358672316838e-01
9.520000000000000284e+01,2.928713297849642849e+00,7.954179114842797882e-02
9.530000000000001137e+01,3.032559228824811104e+00,6.427868255162849653e-02
9.540000000000000568e+01,2.713968529474890978e+00,8.947395611166339413e-02
9.550000000000000000e+01,3.063973983250473765e+00,-2.496029657968718007e-01
9.560000000000000853e+01,3.069971059264114732e+00,-4.845641593287114413e-02
9.570000000000000284e+01,3.099168065122793969e+00,4.103222596802732353e-02
9.580000000000001137e+01,3.014329134665838961e+00,8.188012966286059569e-02
9.590000000000000568e+01,2.844446077958276753e+00,2.595263899731291013e-01
9.600000000000000000e+01,3.108262118430274334e+00,-1.315288443361020687e-01
9.610000000000000853e+01,2.968559613637525185e+00,-4.073694144681950374e-02
9.620000000000000284e+01,3.079297391481582213e+00,2.028839007686280005e-01
9.630000000000001137e+01,2.986215585014550644e+00,2.259573080728936034e-01
9.640000000000000568e+01,3.065210066018725588e+00,-1.139382300838206324e-01
9.650000000000000000e+01,2.926258747791921966e+00,4.771189603671562030e-02
9.660000000000000853e+01,2.979470809542412280e+00,-6.347453443602690815e-02
9.670000000000000284e+01,2.770198030251022292e+00,1.195476976339535924e-01
9.680000000000001137e+01,2.967299935004069855e+00,2.078067418841467520e-02
9.690000000000000568e+01,2.737293935779222309e+00,1.237018521308786700e-01
9.700000000000000000e+01,3.054078494043872549e+00,1.847836486106186338e-01
9.710000000000000853e+01,3.035035299500360217e+00,8.424591634290286291e-02
9.720000000000000284e+01,3.009556032679959969e+00,6.986725213725192285e-02
9.730000000000001137e+01,3.049463662728238322e+00,3.591707011210154565e-01
9.740000000000000568e+01,3.025455320664135694e+00,-1.027447081042474897e-01
9.750000000000000000e+01,2.956714239639688380e+00,-6.451679142702002046e-02
9.760000000000000853e+01,3.211763591581592081e+00,-9.544868069697462487e-02
9.770000000000000284e+01,3.067770983317261724e+00,-1.018130430942360692e-01
9.780000000000001137e+01,2.839721983179581244e+00,-3.757673800453625174e-02
9.790000000000000568e+01,3.162191381308987026e+00,-7.552367142074374769e-03
9.800000000000000000e+01,2.847548345075403997e+00,5.378996709151605965e-02
9.810000000000000853e+01,3.154805447782256245e+00,-2.830875973711602725e-02
9.820000000000000284e+01,2.987892388653441866e+00,1.002376812703050651e-01
9.830000000000001137e+01,3.185118473680847995e+00,1.519589196409086296e-01
9.840000000000000568e+01,3.031246101577024010e+00,1.713311577440341793e-01
9.850000000000000000e+01,3.050936193927706430e+00,8.625744815413056987e-02
9.860000000000000853e+01,3.054620406469110705e+00,1.472595582268951819e-01
9.870000000000000284e+01,2.718857757269239617e+00,9.002862397468194139e-03
9.880000000000001137e+01,3.018157434337355838e+00,1.859389543511959508e-01
9.890000000000000568e+01,3.176027985890994998e+00,-2.853093638925304626e-02
9.900000000000000000e+01,2.900807002727517681e+00,-2.574615287896641624e-01
9.910000000000000853e+01,2.799316811616547884e+00,1.616044528107692946e-01
9.920000000000000284e+01,3.138964223107636897e+00,-1.535992451699264849e-01
9.930000000000001137e+01,2.932614281424280822e+00,1.175511307911306924e-01
9.940000000000000568e+01,2.765373230893938050e+00,1.614937654904515241e-01
9.950000000000000000e+01,2.923713539849477350e+00,-4.426521612327891098e-01
9.960000000000000853e+01,2.993810187102977416e+00,-2.884659032400282985e-01
9.970000000000000284e+01,2.936701593698421320e+00,3.317689258005981912e-02
9.980000000000001137e+01,3.018600147865431627e+00,-7.666492325096521676e-02
9.990000000000000568e+01,3.077417430704469936e+00,-1.036192934876954269e-01
